images/AmpHIBoLOGIcal.png,amphibological
images/overfAMEd.png,overfamed
images/LeisurAbLe.png,leisurable
images/OrGaNElLe.png,organelle
images/AttemPERaTOR.png,attemperator
images/unECLeCTiC.png,uneclectic
images/biOLOgIST.png,biologist
images/tABLATure.png,tablature
images/rOID.png,roid
images/PARaeNETiC.png,paraenetic
images/TeleNeRGy.png,telenergy
images/PoTaMOgETOn.png,potamogeton
images/porTwaY.png,portway
images/NiCKeLLiKe.png,nickellike
images/ImpEnitibLe.png,impenitible
images/BuTYN.png,butyn
images/rehedGe.png,rehedge
images/dEnItRIze.png,denitrize
images/allENtiacAN.png,allentiacan
images/ScamaNDRius.png,scamandrius
images/tripSAcuM.png,tripsacum
images/BRonChoASPeRgilLOsIS.png,bronchoaspergillosis
images/ciMOLiTe.png,cimolite
images/StROKer.png,stroker
images/uNastRAy.png,unastray
images/SpIciGErOUs.png,spicigerous
images/BalIStiDAe.png,balistidae
images/meteORiSt.png,meteorist
images/CrACKLed.png,crackled
images/ADdABlE.png,addable
images/cetOMoRPHic.png,cetomorphic
images/philOfeLISt.png,philofelist
images/rEAsSault.png,reassault
images/oxfORdIsT.png,oxfordist
images/undReaMY.png,undreamy
images/COnCOmITaNtlY.png,concomitantly
images/UNisOTROpic.png,unisotropic
images/hIstoriomEtrIC.png,historiometric
images/PsIttaCInE.png,psittacine
images/oCEloiD.png,oceloid
images/MyCodERM.png,mycoderm
images/IsoDomouS.png,isodomous
images/micrOmELiC.png,micromelic
images/seCRETAGE.png,secretage
images/fIBERLesS.png,fiberless
images/indeXINg.png,indexing
images/QueacH.png,queach
images/dAUbe.png,daube
images/eYeisH.png,eyeish
images/etHOpOEIA.png,ethopoeia
images/aZoGrEEn.png,azogreen
images/ePicURiZE.png,epicurize
images/SAfEGUaRder.png,safeguarder
images/SNiBbLe.png,snibble
images/PiNfEaTHERer.png,pinfeatherer
images/belloTe.png,bellote
images/PleurotRibE.png,pleurotribe
images/zigGurAT.png,ziggurat
images/drEGgILy.png,dreggily
images/uNNakED.png,unnaked
images/SOcialEs.png,sociales
images/EnTobLastiC.png,entoblastic
images/PavIotso.png,paviotso
images/cELEsTIaLIty.png,celestiality
images/vicTorIaNly.png,victorianly
images/SaurOpTErYgia.png,sauropterygia
images/dIPHYODonT.png,diphyodont
images/gLiDIngly.png,glidingly
images/UnAbUNDaNTly.png,unabundantly
images/triPMADAM.png,tripmadam
images/gRaeAE.png,graeae
images/eXCELEntE.png,excelente
images/NONCOPLaNAr.png,noncoplanar
images/tHonGY.png,thongy
images/foSsORial.png,fossorial
images/pEIgNOir.png,peignoir
images/eXTrAtUBAL.png,extratubal
images/eXpErimenTED.png,experimented
images/BrIeRED.png,briered
images/sheAlING.png,shealing
images/DUfoil.png,dufoil
images/BraGGARdIsM.png,braggardism
images/ouTSTArtER.png,outstarter
images/crypTOtAENIA.png,cryptotaenia
images/AmpalAyA.png,ampalaya
images/INOchOnDROMa.png,inochondroma
images/UnDelIGhT.png,undelight
images/gImmeRpeT.png,gimmerpet
images/rEviSErShiP.png,revisership
images/tRisonAnt.png,trisonant
images/derIVaBle.png,derivable
images/COMoRtGaGee.png,comortgagee
images/oUTlOdgInG.png,outlodging
images/veLAmENTOUS.png,velamentous
images/CAlcUlAtOrY.png,calculatory
images/sATyrIne.png,satyrine
images/pATeLlAr.png,patellar
images/iSOsulpHoCyaNIc.png,isosulphocyanic
images/tHyMelIcAL.png,thymelical
images/PRelapSaRiaN.png,prelapsarian
images/jagLeSs.png,jagless
images/pYGmoID.png,pygmoid
images/uNthREsHEd.png,unthreshed
images/SulPHoXylIc.png,sulphoxylic
images/FaScicUlAtIon.png,fasciculation
images/PIcksOmENEsS.png,picksomeness
images/OXPEckER.png,oxpecker
images/magNiloquenTly.png,magniloquently
images/reVErsing.png,reversing
images/FElICIde.png,felicide
images/CArBUilder.png,carbuilder
images/TanALA.png,tanala
images/AMEtabOLa.png,ametabola
images/MARcId.png,marcid
images/UnCONtINenTAL.png,uncontinental
images/unpIlED.png,unpiled
images/BicliniUM.png,biclinium
images/supRAverSiOn.png,supraversion
images/mOgADOR.png,mogador
images/JuSSoRY.png,jussory
images/VenoScLeroSIs.png,venosclerosis
images/AnADeNIA.png,anadenia
images/reKNit.png,reknit
images/mYOTaCIsMuS.png,myotacismus
images/pyOLymPH.png,pyolymph
images/supErAngElICAL.png,superangelical
images/PaSteuRize.png,pasteurize
images/aFtErtaSTe.png,aftertaste
images/TafFraIl.png,taffrail
images/iNteRgovernMENtAL.png,intergovernmental
images/EnTopTIcs.png,entoptics
images/outREneSS.png,outreness
images/suBcoMPaNy.png,subcompany
images/coSSet.png,cosset
images/predoNoR.png,predonor
images/peNNinervaTE.png,penninervate
images/raVENsaRA.png,ravensara
images/pHylLopodIUm.png,phyllopodium
images/UnMIsUndeRStandAbLe.png,unmisunderstandable
images/purItanLy.png,puritanly
images/CEltiCAlLy.png,celtically
images/sAgaiE.png,sagaie
images/cOumARou.png,coumarou
images/Vesta.png,vesta
images/SECAmONe.png,secamone
images/cOunTerseNSe.png,countersense
images/GuDesAkes.png,gudesakes
images/unlIMITedlY.png,unlimitedly
images/fOrmalDEHYdESULphOXylIc.png,formaldehydesulphoxylic
images/PrECOncEIVeD.png,preconceived
images/sTaMPheAD.png,stamphead
images/MIXeR.png,mixer
images/GoMphRENa.png,gomphrena
images/bAiLLoNe.png,baillone
images/prAescutum.png,praescutum
images/SeRRIforM.png,serriform
images/dagga.png,dagga
images/auTOType.png,autotype
images/COpelATAE.png,copelatae
images/ReSElLEr.png,reseller
images/SaIntDOM.png,saintdom
images/disEnFRanChisE.png,disenfranchise
images/PECtIneus.png,pectineus
images/marKEtMan.png,marketman
images/CyCadoFIlICAlES.png,cycadofilicales
images/eNThuSe.png,enthuse
images/INTenSIfIER.png,intensifier
images/scieNtism.png,scientism
images/dUpLIcia.png,duplicia
images/PaiNtPoT.png,paintpot
images/IntErPeTALoid.png,interpetaloid
images/UNCoNTEmPtuouS.png,uncontemptuous
images/agOgic.png,agogic
images/cAbrILLa.png,cabrilla
images/UNeXChanGEd.png,unexchanged
images/REstRInG.png,restring
images/pHaNTasmiSt.png,phantasmist
images/sureFiRE.png,surefire
images/PortIONalLy.png,portionally
images/ReGiStER.png,register
images/bepAStured.png,bepastured
images/buckSkINnED.png,buckskinned
images/ProToDyNAstIC.png,protodynastic
images/dORSuLUm.png,dorsulum
images/SeMiaCId.png,semiacid
images/auRIculAe.png,auriculae
images/chIroLogIcalLY.png,chirologically
images/dReGgiLY.png,dreggily
images/cOrIneuS.png,corineus
images/incUNaBLe.png,incunable
images/olYNthIac.png,olynthiac
images/UnIMbRownED.png,unimbrowned
images/cOnCEsSIvENesS.png,concessiveness
images/BARBateD.png,barbated
images/pINnATIlobed.png,pinnatilobed
images/LoesSAl.png,loessal
images/dIVISoRY.png,divisory
images/prOtOZoOlogY.png,protozoology
images/dERAnGEmENT.png,derangement
images/JuLIdae.png,julidae
images/CystOMyxoMA.png,cystomyxoma
images/nIaGaRAN.png,niagaran
images/oVerCOlD.png,overcold
images/unpaTternEd.png,unpatterned
images/talIsaY.png,talisay
images/REStant.png,restant
images/antoEciAnS.png,antoecians
images/sPILLage.png,spillage
images/lISSoflAGelLATE.png,lissoflagellate
images/cHLOrItIZaTION.png,chloritization
images/TOnOplasT.png,tonoplast
images/WAVEWArD.png,waveward
images/sULTriNEsS.png,sultriness
images/mARTyniAcEoUs.png,martyniaceous
images/PanCrEAtisM.png,pancreatism
images/pIrN.png,pirn
images/UNFLAvoRED.png,unflavored
images/UREThROvAGINal.png,urethrovaginal
images/ALeMbRoth.png,alembroth
images/mEleNa.png,melena
images/FoRAMiNULATe.png,foraminulate
images/SHADOwIsT.png,shadowist
images/WArriN.png,warrin
images/BalaRAMA.png,balarama
images/RIDerLESS.png,riderless
images/prEAdvOCAcY.png,preadvocacy
images/OVIDiAN.png,ovidian
images/OUTSATiSFy.png,outsatisfy
images/raTIonAliZaBle.png,rationalizable
images/elECTroPOsITiVE.png,electropositive
images/OPPuGnANCy.png,oppugnancy
images/KiLlINITE.png,killinite
images/MIrOUnGA.png,mirounga
images/myGAlID.png,mygalid
images/UNobtaINABLeNESS.png,unobtainableness
images/tAmaRISk.png,tamarisk
images/rebELOng.png,rebelong
images/siReNidae.png,sirenidae
images/StrAUcht.png,straucht
images/dwIne.png,dwine
images/NebulaTiON.png,nebulation
images/lIMNOPhILId.png,limnophilid
images/allERIOn.png,allerion
images/habIllE.png,habille
images/uNChamPioNEd.png,unchampioned
images/Kolhoz.png,kolhoz
images/PaNpiPe.png,panpipe
images/cOLEcAnNOn.png,colecannon
images/uRanoLiTe.png,uranolite
images/FaIrlY.png,fairly
images/unShIeldING.png,unshielding
images/uninVaDeD.png,uninvaded
images/SWimy.png,swimy
images/iroQuOiAn.png,iroquoian
images/PhOToreSISTancE.png,photoresistance
images/SYnDeSmoSiS.png,syndesmosis
images/pOrIfERA.png,porifera
images/SUsPEnDerS.png,suspenders
images/SeleNoTRopy.png,selenotropy
images/deaLCOHOLIst.png,dealcoholist
images/traNSFuge.png,transfuge
images/NoNARtEsIAn.png,nonartesian
images/nONPoRtaBIliTy.png,nonportability
images/TYphlOSteNOsIs.png,typhlostenosis
images/iNHUmAte.png,inhumate
images/WoRtHwarD.png,worthward
images/margARELOn.png,margarelon
images/TRademasTeR.png,trademaster
images/PROsOdE.png,prosode
images/aLPHEAN.png,alphean
images/MaGyARIzE.png,magyarize
images/HYPoPhyge.png,hypophyge
images/LENAeAn.png,lenaean
images/MuDDlEHeaDed.png,muddleheaded
images/UncOUnseLleD.png,uncounselled
images/coRSetiNG.png,corseting
images/unresuMptIVE.png,unresumptive
images/OIlIly.png,oilily
images/kUba.png,kuba
images/apOStlesHiP.png,apostleship
images/VaRIcoID.png,varicoid
images/diaGRAMmeter.png,diagrammeter
images/RightLEssnESS.png,rightlessness
images/jIMPrIcuTE.png,jimpricute
images/mycelE.png,mycele
images/toxONOsIs.png,toxonosis
images/phENEtIdinE.png,phenetidine
images/opSONOmEtrY.png,opsonometry
images/guAcHARO.png,guacharo
images/zYGnEMatALeS.png,zygnematales
images/bleNNY.png,blenny
images/CuLTUrIST.png,culturist
images/offWarDs.png,offwards
images/ReGIstrATIOnal.png,registrational
images/bUCcO.png,bucco
images/SuBsOLAr.png,subsolar
images/plAInSmaN.png,plainsman
images/sTIpUlE.png,stipule
images/sUbCRENate.png,subcrenate
images/ExcHAnGeAbIlity.png,exchangeability
images/sERPIvOlant.png,serpivolant
images/iRONsiDES.png,ironsides
images/JelLieDnesS.png,jelliedness
images/ADnex.png,adnex
images/GilliFlirt.png,gilliflirt
images/munYcHioN.png,munychion
images/APhAeReTic.png,aphaeretic
images/teKKINtzi.png,tekkintzi
images/AnaPHylAxIs.png,anaphylaxis
images/PseuDoPTOSIS.png,pseudoptosis
images/vItAPAThY.png,vitapathy
images/cHroNOScOPicalLY.png,chronoscopically
images/tranSubStantiATIONALIsT.png,transubstantiationalist
images/cONioGRAmme.png,coniogramme
images/seMANG.png,semang
images/dOucEt.png,doucet
images/COMProMIssIOn.png,compromission
images/UnEmpTiEd.png,unemptied
images/HeRMiNONe.png,herminone
images/wITtolLY.png,wittolly
images/millIVoLT.png,millivolt
images/TransdERMiC.png,transdermic
images/sTRaNGles.png,strangles
images/haRdIhooD.png,hardihood
images/jOhNiAN.png,johnian
images/TwAdDELl.png,twaddell
images/prEcritical.png,precritical
images/torTIcONE.png,torticone
images/aNthroPoClimatoloGY.png,anthropoclimatology
images/SpIKeLEt.png,spikelet
images/crUciGeroUS.png,crucigerous
images/rewriTe.png,rewrite
images/rEpatcH.png,repatch
images/HiGHLy.png,highly
images/LogLikE.png,loglike
images/lApidarIST.png,lapidarist
images/GrAnTAbLE.png,grantable
images/aRENg.png,areng
images/unSharINg.png,unsharing
images/paTeRnAlisM.png,paternalism
images/unstresSeDLY.png,unstressedly
images/DividaBLe.png,dividable
images/NOncrUsTacEOuS.png,noncrustaceous
images/mOtte.png,motte
images/STeReoScopist.png,stereoscopist
images/NieTzsChEISm.png,nietzscheism
images/CLInOMetrY.png,clinometry
images/SeAMaNcrafT.png,seamancraft
images/BRiDleless.png,bridleless
images/ouTWorTH.png,outworth
images/irRatIonAlISM.png,irrationalism
images/fUsIllY.png,fusilly
images/cEREbROParIeTal.png,cerebroparietal
images/UNhaRmfULLY.png,unharmfully
images/irreLUCTANt.png,irreluctant
images/preADmIre.png,preadmire
images/VINTEm.png,vintem
images/tRaMpiSH.png,trampish
images/braCHyDaCTYLOUS.png,brachydactylous
images/aNTIAthEISt.png,antiatheist
images/koSchEI.png,koschei
images/UnMasKER.png,unmasker
images/BELLBIRd.png,bellbird
images/EVICtoR.png,evictor
images/INITialiZe.png,initialize
images/ENdotOXiC.png,endotoxic
images/inhAbiTAbIliTy.png,inhabitability
images/scRUnt.png,scrunt
images/hUnkers.png,hunkers
images/ZAparAn.png,zaparan
images/busYHEaD.png,busyhead
images/ANtHosPERmUm.png,anthospermum
images/BLoCkiNesS.png,blockiness
images/LithifACTion.png,lithifaction
images/PrEdEpriVE.png,predeprive
images/uNdROopINg.png,undrooping
images/aNTIeccLeSiAstIcAl.png,antiecclesiastical
images/FIBRoGLiA.png,fibroglia
images/OChReOUs.png,ochreous
images/hoOfLike.png,hooflike
images/LEpIDopHYllOuS.png,lepidophyllous
images/starTliNgNESs.png,startlingness
images/CauDOfEMoRaL.png,caudofemoral
images/preSuRGerY.png,presurgery
images/styLoHyOIdEuS.png,stylohyoideus
images/sTerNA.png,sterna
images/MONoCyclE.png,monocycle
images/unANNexEdlY.png,unannexedly
images/luPIcIde.png,lupicide
images/maJoRISM.png,majorism
images/PREnebULAr.png,prenebular
images/verGErisM.png,vergerism
images/MolUcCELlA.png,moluccella
images/ESoGaSTRitiS.png,esogastritis
images/iNtERLINEAR.png,interlinear
images/sliPless.png,slipless
images/EcTATiC.png,ectatic
images/unrevERentneSS.png,unreverentness
images/UnDeRBALANCE.png,underbalance
images/pHOtosANtONIc.png,photosantonic
images/HyPOPTIlaR.png,hypoptilar
images/SInIstrogYrIc.png,sinistrogyric
images/EthERAte.png,etherate
images/uNdeRLAnD.png,underland
images/SayaBLE.png,sayable
images/lyMphaTicaL.png,lymphatical
images/ERiOdeNdRon.png,eriodendron
images/sAITIC.png,saitic
images/shoCKiNG.png,shocking
images/amaLGAMIZE.png,amalgamize
images/tIgElLa.png,tigella
images/TungUSian.png,tungusian
images/AmaLgAmAtiVE.png,amalgamative
images/oppRobrIoUSly.png,opprobriously
images/CyaNoLE.png,cyanole
images/fUrAcioUsneSs.png,furaciousness
images/wIttiFIEd.png,wittified
images/heATHErED.png,heathered
images/strapwort.png,strapwort
images/nONdisINGEnuoUs.png,nondisingenuous
images/EXTRAPHYsiolOgicAL.png,extraphysiological
images/VINologIST.png,vinologist
images/partiaLiST.png,partialist
images/cItRINaTIoN.png,citrination
images/deCAGONal.png,decagonal
images/UnCleAnaBlE.png,uncleanable
images/REtIcuLatElY.png,reticulately
images/pICTOGram.png,pictogram
images/AutOpROThEsis.png,autoprothesis
images/quIsUtsCh.png,quisutsch
images/RODeNtProOf.png,rodentproof
images/uNderFRAmE.png,underframe
images/sLEEKit.png,sleekit
images/LINeoGRaPH.png,lineograph
images/CHecKeD.png,checked
images/trIToMA.png,tritoma
images/PEriClInaLLy.png,periclinally
images/ALMiRa.png,almira
images/KAmMAlAn.png,kammalan
images/EpEXEGeTicALLY.png,epexegetically
images/eUlogIUM.png,eulogium
images/DiNaR.png,dinar
images/cHorIZont.png,chorizont
images/LEIcesTER.png,leicester
images/EpiMeR.png,epimer
images/heTErOStraCa.png,heterostraca
images/pEdAnalYSiS.png,pedanalysis
images/unRelIable.png,unreliable
images/thEOLoGic.png,theologic
images/aFterglIDe.png,afterglide
images/TrICOstATE.png,tricostate
images/uNExhAusTiVE.png,unexhaustive
images/mIsCaSt.png,miscast
images/unfestOOnED.png,unfestooned
images/gUtteRspoUT.png,gutterspout
images/zONuRidAe.png,zonuridae
images/GYMNodINIaCEAE.png,gymnodiniaceae
images/ACTiNOmoRPHy.png,actinomorphy
images/sEqUeStEReD.png,sequestered
images/UNACCOuNTabilITy.png,unaccountability
images/delIGHteR.png,delighter
images/cAmPyLOtrOpous.png,campylotropous
images/PENtaMerOid.png,pentameroid
images/COnchOlogicAlLy.png,conchologically
images/ZOIsm.png,zoism
images/daNtISt.png,dantist
images/nunNiFY.png,nunnify
images/clAspT.png,claspt
images/aNtioxyGEN.png,antioxygen
images/tRaNsLINGUaTE.png,translinguate
images/BLACkguARdism.png,blackguardism
images/tiNwaLd.png,tinwald
images/MoRDVa.png,mordva
images/WIThERNAM.png,withernam
images/PERIdIAsTOLiC.png,peridiastolic
images/meNIScOiDaL.png,meniscoidal
images/oBBeNitE.png,obbenite
images/uNCOnTaINAbly.png,uncontainably
images/CatEcheTicalLy.png,catechetically
images/obStRuCtIVELy.png,obstructively
images/gIbblegaBBle.png,gibblegabble
images/pedaGOgIcS.png,pedagogics
images/uniFOliolaTE.png,unifoliolate
images/sWOsh.png,swosh
images/linCtuS.png,linctus
images/caECOstOmY.png,caecostomy
images/aLIENizE.png,alienize
images/oVerly.png,overly
images/MoNodiC.png,monodic
images/brOWSIng.png,browsing
images/rhiZOPUS.png,rhizopus
images/gerAtE.png,gerate
images/FOrEcaRRiage.png,forecarriage
images/OVersuBtlE.png,oversubtle
images/ENWomAn.png,enwoman
images/UltraNATiOnAlISt.png,ultranationalist
images/raNChERIa.png,rancheria
images/sPhEROGRaPH.png,spherograph
images/FaScinAtINGly.png,fascinatingly
images/SHUNLess.png,shunless
images/nARiS.png,naris
images/DiCecuP.png,dicecup
images/rIVeRWard.png,riverward
images/DOughy.png,doughy
images/SIBeRiaN.png,siberian
images/rEAMENd.png,reamend
images/GINnLe.png,ginnle
images/hAnGEe.png,hangee
images/RoseTum.png,rosetum
images/wAtchoUT.png,watchout
images/rIMOsITy.png,rimosity
images/fUngIForM.png,fungiform
images/BRagGiShlY.png,braggishly
images/CONicAliTy.png,conicality
images/SyMPHyaNthEroUs.png,symphyantherous
images/DiSappOinTMenT.png,disappointment
images/UmbEllula.png,umbellula
images/RESmEll.png,resmell
images/topASS.png,topass
images/SUBStAnTIZe.png,substantize
images/SYmpHyCarPOuS.png,symphycarpous
images/cApiTATuM.png,capitatum
images/ophIDIOuS.png,ophidious
images/aBby.png,abby
images/DIccOn.png,diccon
images/SkiRReH.png,skirreh
images/wRAPpeR.png,wrapper
images/CHoRIORetIniTiS.png,chorioretinitis
images/pRoLIxity.png,prolixity
images/baCkStaMp.png,backstamp
images/supertOWeR.png,supertower
images/nONCrusHABLe.png,noncrushable
images/AnTIquISt.png,antiquist
images/mUlTIscienCE.png,multiscience
images/NOnMUtATIVe.png,nonmutative
images/lEmnA.png,lemna
images/AGLImMeR.png,aglimmer
images/Finikin.png,finikin
images/UnTUNABLy.png,untunably
images/mIrAcIdiUM.png,miracidium
images/iriDoDIaGNoSIS.png,iridodiagnosis
images/ALcHEmicaL.png,alchemical
images/CoNjoiNtneSs.png,conjointness
images/ENDOcrINOpathy.png,endocrinopathy
images/auTOlAvagE.png,autolavage
images/jAPONIZER.png,japonizer
images/aSSeVeRAtIoN.png,asseveration
images/QuaRL.png,quarl
images/batTOloGIcaL.png,battological
images/liQUidY.png,liquidy
images/MyeLoLYmpHOcyTE.png,myelolymphocyte
images/RoaDLIkE.png,roadlike
images/biLo.png,bilo
images/cOEnAmouRMENT.png,coenamourment
images/taPERMAKeR.png,tapermaker
images/UnUXORial.png,unuxorial
images/ReaSOnlEsSnEsS.png,reasonlessness
images/QUAQuaveRSalLy.png,quaquaversally
images/caRDLIke.png,cardlike
images/ENdOsPermIC.png,endospermic
images/linTeLinG.png,linteling
images/sUinT.png,suint
images/TrImeThylsTIBIne.png,trimethylstibine
images/BArkoMeTer.png,barkometer
images/pOsTfUrCA.png,postfurca
images/redIFFEReNTiaTioN.png,redifferentiation
images/stipeD.png,stiped
images/UNWInGeD.png,unwinged
images/TyRaNNuS.png,tyrannus
images/CoNtRAVENeR.png,contravener
images/pyELonePHRitIs.png,pyelonephritis
images/REHyPOThecATOR.png,rehypothecator
images/COpRosMa.png,coprosma
images/teuCrI.png,teucri
images/tUrD.png,turd
images/HyBoDUS.png,hybodus
images/gEnesiC.png,genesic
images/moNoToCARDiac.png,monotocardiac
images/SALTieRrA.png,saltierra
images/GUeSser.png,guesser
images/hyPoCOristic.png,hypocoristic
images/perfecTiOnatOR.png,perfectionator
images/UNPREVeNtIvE.png,unpreventive
images/SepTSHIp.png,septship
images/BARdeSaNiST.png,bardesanist
images/SliCkENS.png,slickens
images/taENidIUM.png,taenidium
images/AmOmIS.png,amomis
images/plEONexIa.png,pleonexia
images/BeNnEl.png,bennel
images/uLtramUnDaNe.png,ultramundane
images/COntermiNOUSneSS.png,conterminousness
images/PresCRiPTionIST.png,prescriptionist
images/crOSNEs.png,crosnes
images/BERTolONia.png,bertolonia
images/cIMIcIDAe.png,cimicidae
images/unDISsiMULaTed.png,undissimulated
images/KEToSe.png,ketose
images/SuLioTe.png,suliote
images/uNImpawned.png,unimpawned
images/aLLocHiRaL.png,allochiral
images/unpOeTicizED.png,unpoeticized
images/CIrrIpedIal.png,cirripedial
images/MYrISTONe.png,myristone
images/SLopdAsh.png,slopdash
images/pReAbdomEn.png,preabdomen
images/tapEtUM.png,tapetum
images/VULTurIsm.png,vulturism
images/SalArylesS.png,salaryless
images/sUbcutIS.png,subcutis
images/uNpiNING.png,unpining
images/crEoLiSm.png,creolism
images/abNErvaL.png,abnerval
images/TIMALiINe.png,timaliine
images/UnPoIgNARd.png,unpoignard
images/PolyspORANGIUM.png,polysporangium
images/predeStiNATiOnal.png,predestinational
images/decLimAtizE.png,declimatize
images/balAntiDiAl.png,balantidial
images/HEMATEncEphaloN.png,hematencephalon
images/coSmONAUt.png,cosmonaut
images/NONAcCesSION.png,nonaccession
images/anERgIC.png,anergic
images/DoRSum.png,dorsum
images/beAverISh.png,beaverish
images/liTeraTI.png,literati
images/SUFFocaTINg.png,suffocating
images/BeDBOARd.png,bedboard
images/MackERELER.png,mackereler
images/OmneITY.png,omneity
images/noniNjurY.png,noninjury
images/moLybDoUS.png,molybdous
images/pRETErESSeNtIaL.png,preteressential
images/MiCrocHIRoPterouS.png,microchiropterous
images/dISeNDOWeR.png,disendower
images/aBIOgeNISt.png,abiogenist
images/wAsAtcH.png,wasatch
images/TrIOlET.png,triolet
images/rEACtUAliZE.png,reactualize
images/gASEositY.png,gaseosity
images/sYNaPToSAUriA.png,synaptosauria
images/patBALler.png,patballer
images/ENdOTHELIOCYtE.png,endotheliocyte
images/buckLED.png,buckled
images/parahIPpus.png,parahippus
images/MENiNgOenCePHAliTIs.png,meningoencephalitis
images/meSenTeronIC.png,mesenteronic
images/HYPErParAsItiZe.png,hyperparasitize
images/prEofFeR.png,preoffer
images/VOcAliZaTioN.png,vocalization
images/oAsAL.png,oasal
images/RaNcHER.png,rancher
images/CaPrELla.png,caprella
images/CoOSER.png,cooser
images/KIrvEr.png,kirver
images/boODlE.png,boodle
images/diSHWIPInG.png,dishwiping
images/rOUGHDRaft.png,roughdraft
images/mYOgRAphY.png,myography
images/cAnY.png,cany
images/epIThEticIan.png,epithetician
images/ENdOGalvANisM.png,endogalvanism
images/NuRSlinG.png,nursling
images/proctORAge.png,proctorage
images/pYRoCoLLodioN.png,pyrocollodion
images/reCoNDitEneSS.png,reconditeness
images/wraSSe.png,wrasse
images/TeLLErsHip.png,tellership
images/TeleDU.png,teledu
images/glASsWoRkING.png,glassworking
images/sTEPHAnoKOntaE.png,stephanokontae
images/INUncTUm.png,inunctum
images/gYneCOPaThIc.png,gynecopathic
images/TREASOnLesS.png,treasonless
images/CyaNOPLAStId.png,cyanoplastid
images/EvOLUtioNiSM.png,evolutionism
images/SatuRniid.png,saturniid
images/tURKiFIcATIoN.png,turkification
images/ENDorsemenT.png,endorsement
images/aRpEGGIAtED.png,arpeggiated
images/cRINivorouS.png,crinivorous
images/louNdeRER.png,lounderer
images/VASsALshiP.png,vassalship
images/GeNoviNo.png,genovino
images/UNEnviABly.png,unenviably
images/HeMAPOphYsIaL.png,hemapophysial
images/ALDAMIne.png,aldamine
images/HEnotHeIStic.png,henotheistic
images/rEgaLEment.png,regalement
images/MIDwIFerY.png,midwifery
images/GAuzEWINg.png,gauzewing
images/REStreAm.png,restream
images/INtErLiNearILy.png,interlinearily
images/SHEePsteAL.png,sheepsteal
images/coLicaL.png,colical
images/amATeURIshneSS.png,amateurishness
images/pEdeRaSTic.png,pederastic
images/UNETyMolOGIZAblE.png,unetymologizable
images/oMNIMOde.png,omnimode
images/labraL.png,labral
images/pIGMeNToSE.png,pigmentose
images/eMbRyogrAPher.png,embryographer
images/ethNICIST.png,ethnicist
images/PteRoPOdIDAe.png,pteropodidae
images/PaLEoAlcHeMICAl.png,paleoalchemical
images/TransForMing.png,transforming
images/LAmPYrinE.png,lampyrine
images/UnintErPReTeD.png,uninterpreted
images/PRUnTeD.png,prunted
images/aRabIAn.png,arabian
images/anTeromedIAn.png,anteromedian
images/ROUvIllITe.png,rouvillite
images/kINEtoPLAST.png,kinetoplast
images/STigmatOID.png,stigmatoid
images/hygRIC.png,hygric
images/CeriaNThuS.png,cerianthus
images/aMar.png,amar
images/theRMoDYnAMicS.png,thermodynamics
images/TRiCHotOMOusLy.png,trichotomously
images/OcrEaTaE.png,ocreatae
images/GYNEcOMaZia.png,gynecomazia
images/AnTiaNOPHEliNE.png,antianopheline
images/MarryMufFE.png,marrymuffe
images/pLanEtAriLY.png,planetarily
images/WAmblINgly.png,wamblingly
images/TITanlikE.png,titanlike
images/ALErsE.png,alerse
images/prOjiciEnt.png,projicient
images/ROcKeLAY.png,rockelay
images/DenDroLOgicAL.png,dendrological
images/VindicTivELY.png,vindictively
images/BloCKiNg.png,blocking
images/quEStiOnist.png,questionist
images/EThaNaL.png,ethanal
images/PROxeNET.png,proxenet
images/unOBViaTED.png,unobviated
images/SchoLaStIcAlLy.png,scholastically
images/TomaHAwKER.png,tomahawker
images/oVERTimBered.png,overtimbered
images/prEsuMAbLy.png,presumably
images/sNaKehOlIng.png,snakeholing
images/pHanTASmAL.png,phantasmal
images/ACUcLoSuRE.png,acuclosure
images/OrnItHOPTERa.png,ornithoptera
images/rEPROvaL.png,reproval
images/PatAka.png,pataka
images/canY.png,cany
images/unvOuChEdLY.png,unvouchedly
images/ViSIOneD.png,visioned
images/dAROgA.png,daroga
images/OvErWEENeR.png,overweener
images/ArMiLlATe.png,armillate
images/trophISM.png,trophism
images/dErIVaTionAlly.png,derivationally
images/unPeArLed.png,unpearled
images/ARBitRaTioNisT.png,arbitrationist
images/OVErARtIFiCIal.png,overartificial
images/NoNmYTHIcaL.png,nonmythical
images/bAILmeNt.png,bailment
images/trilingUAL.png,trilingual
images/nONPAGan.png,nonpagan
images/SLippERflowEr.png,slipperflower
images/metromANiAc.png,metromaniac
images/uncOLOUreD.png,uncoloured
images/ELEctrOpHYSioLogIcaL.png,electrophysiological
images/deePING.png,deeping
images/PetO.png,peto
images/NIEReMbERGIA.png,nierembergia
images/nOnPARochIAl.png,nonparochial
images/reInsTaTemenT.png,reinstatement
images/peRcEntagED.png,percentaged
images/SwIPy.png,swipy
images/BLoODshOTtEN.png,bloodshotten
images/MeLtABle.png,meltable
images/INDogAea.png,indogaea
images/pREindebtED.png,preindebted
images/LamBAlE.png,lambale
images/mesOgasTrIUm.png,mesogastrium
images/MoneROzOiC.png,monerozoic
images/NONAcQUIeSCENCe.png,nonacquiescence
images/TRIazOIC.png,triazoic
images/arChdeTEcTIve.png,archdetective
images/lOsengEr.png,losenger
images/DePHlogiSTiCAted.png,dephlogisticated
images/SApsago.png,sapsago
images/kHilA.png,khila
images/sTrainsliP.png,strainslip
images/pAIdEUTIC.png,paideutic
images/cLoUDLand.png,cloudland
images/canTalItE.png,cantalite
images/aCCIDENTALISm.png,accidentalism
images/IsLAndleSs.png,islandless
images/whitEStOne.png,whitestone
images/mONMoUtHITE.png,monmouthite
images/extRAceLluLArLY.png,extracellularly
images/ChESSMAn.png,chessman
images/ParatRophic.png,paratrophic
images/GustilY.png,gustily
images/requiSiTOrY.png,requisitory
images/dISparAGiNglY.png,disparagingly
images/NOncLoTtiNg.png,nonclotting
images/subCruReUS.png,subcrureus
images/SubEROus.png,suberous
images/pULPiFiEr.png,pulpifier
images/assOCIaTIONIStIC.png,associationistic
images/goVerNAil.png,governail
images/PReSPECuLAte.png,prespeculate
images/rECOUp.png,recoup
images/FrAtErNAliTy.png,fraternality
images/GoOsISH.png,goosish
images/halluCiNATivE.png,hallucinative
images/brONchOPhoNic.png,bronchophonic
images/suPErCAbInET.png,supercabinet
images/sCHIzOStElY.png,schizostely
images/unLAWyERLIKe.png,unlawyerlike
images/CUrtailment.png,curtailment
images/rEbleACh.png,rebleach
images/LogwOod.png,logwood
images/NoNBUrGAGe.png,nonburgage
images/ankyroid.png,ankyroid
images/CLifTY.png,clifty
images/gEnteeLISh.png,genteelish
images/HeptanesIan.png,heptanesian
images/ATMOlOGy.png,atmology
images/aURoRE.png,aurore
images/iNteRcOstOHUmerAL.png,intercostohumeral
images/AnEcdoTIC.png,anecdotic
images/pirrmaW.png,pirrmaw
images/rOmBoWlINe.png,rombowline
images/CLANSMaN.png,clansman
images/sCrAper.png,scraper
images/sPROuTfUl.png,sproutful
images/ReMEDileSsneSs.png,remedilessness
images/ExtRABranchial.png,extrabranchial
images/pigGIShly.png,piggishly
images/QUaRReLing.png,quarreling
images/sTrOmBoLIan.png,strombolian
images/SterEOgram.png,stereogram
images/tRibAsIC.png,tribasic
images/remeasuReMeNt.png,remeasurement
images/SuperexcEed.png,superexceed
images/dOgmATizE.png,dogmatize
images/UnhArMIng.png,unharming
images/PatiENTness.png,patientness
images/GRInagog.png,grinagog
images/welcOmIngly.png,welcomingly
images/geEboNg.png,geebong
images/haPtOpHORIC.png,haptophoric
images/CLotTAGE.png,clottage
images/INtERCORtIcal.png,intercortical
images/BRINkLess.png,brinkless
images/oVOrhOMboid.png,ovorhomboid
images/OPhIONInae.png,ophioninae
images/SClerOpaGes.png,scleropages
images/PhilaTElICALLY.png,philatelically
images/nEURAPOphYSIs.png,neurapophysis
images/ModerNIZaBlE.png,modernizable
images/rEducibLeneSS.png,reducibleness
images/MUDdiLy.png,muddily
images/sHEeNY.png,sheeny
images/ALCAldIA.png,alcaldia
images/NaYArITA.png,nayarita
images/OVERjOcUlar.png,overjocular
images/teUCriN.png,teucrin
images/embRONZE.png,embronze
images/aLLmouTh.png,allmouth
images/MEtOeStRoUS.png,metoestrous
images/discriMInANTAL.png,discriminantal
images/MonSTratE.png,monstrate
images/dOWDyisM.png,dowdyism
images/rEOcCUrREnCe.png,reoccurrence
images/hArPIDaE.png,harpidae
images/cHlOrinAtion.png,chlorination
images/dEpOlyMerize.png,depolymerize
images/hippelATEs.png,hippelates
images/AFlUttEr.png,aflutter
images/meLAniC.png,melanic
images/ResPonSAry.png,responsary
images/CoNtrAOCtAvE.png,contraoctave
images/aMygdAlITIS.png,amygdalitis
images/SKiNlikE.png,skinlike
images/KOggelMannETje.png,koggelmannetje
images/SEmiPEllUCidiTy.png,semipellucidity
images/PSEUDoMIracuLOUS.png,pseudomiraculous
images/cOAptATE.png,coaptate
images/PIPESTOne.png,pipestone
images/FOreTOKEn.png,foretoken
images/unsAlesmaNliKe.png,unsalesmanlike
images/UnBesTarrED.png,unbestarred
images/ecToPaRAsiTIca.png,ectoparasitica
images/hOaRseLY.png,hoarsely
images/mAnidAE.png,manidae
images/syPhiLOgrAphY.png,syphilography
images/warMtHLess.png,warmthless
images/alcorNOqUe.png,alcornoque
images/RUmChUnDer.png,rumchunder
images/pRevOIdAnCe.png,prevoidance
images/iROnFisted.png,ironfisted
images/FatiGUIngLY.png,fatiguingly
images/TYpHoNiC.png,typhonic
images/cONDeSCENdER.png,condescender
images/dIPNEumona.png,dipneumona
images/NAStIC.png,nastic
images/UnDeRMUslIn.png,undermuslin
images/tRAgulINa.png,tragulina
images/DePaStURAble.png,depasturable
images/gaWKISh.png,gawkish
images/DotoniDAe.png,dotonidae
images/UNhuMId.png,unhumid
images/CoccI.png,cocci
images/DacTyLOstErnaL.png,dactylosternal
images/CaLAmOSpErmaE.png,calamospermae
images/DiShPAN.png,dishpan
images/CrEWER.png,crewer
images/kItter.png,kitter
images/trASY.png,trasy
images/huRRIAN.png,hurrian
images/hIbERNacLe.png,hibernacle
images/azOnapHTHALEnE.png,azonaphthalene
images/MANSLaYING.png,manslaying
images/mAtara.png,matara
images/hebDoMaDARY.png,hebdomadary
images/mOUIlLuRe.png,mouillure
images/chEATIng.png,cheating
images/uNdeRsalLy.png,undersally
images/uNEmIGrAtIng.png,unemigrating
images/knothOle.png,knothole
images/spacESAViNg.png,spacesaving
images/iNarCH.png,inarch
images/ETyMOgRAPhY.png,etymography
images/cOuNtERthEMe.png,countertheme
images/hyAENODOntoiD.png,hyaenodontoid
images/wItelesS.png,witeless
images/cINNAmodenDron.png,cinnamodendron
images/gAlactUrIa.png,galacturia
images/orIGINaNT.png,originant
images/WordIshnESs.png,wordishness
images/GothIcizER.png,gothicizer
images/PLeasaNTSoMe.png,pleasantsome
images/tHROE.png,throe
images/UNcAthoLCity.png,uncatholcity
images/xYLObalSAMum.png,xylobalsamum
images/sTrINGEr.png,stringer
images/unVOlUmiNOuS.png,unvoluminous
images/auTopHOtoeleCtRIC.png,autophotoelectric
images/eXECUTrESS.png,executress
images/CeLlVIBRIO.png,cellvibrio
images/vitaPhOnE.png,vitaphone
images/taRaNtUloUs.png,tarantulous
images/gESan.png,gesan
images/lanDGrAVAte.png,landgravate
images/seNSITOmEteR.png,sensitometer
images/POmpHolIX.png,pompholix
images/aNTEAMbuLaTION.png,anteambulation
images/urbAnIzAtiOn.png,urbanization
images/taKINgS.png,takings
images/filIces.png,filices
images/bRingeR.png,bringer
images/soLICiTrESS.png,solicitress
images/PeRICLauSTral.png,periclaustral
images/BeRryPICkinG.png,berrypicking
images/VEraTRATE.png,veratrate
images/uNsCaREd.png,unscared
images/uLTracrEDULOUs.png,ultracredulous
images/COnJUGaTA.png,conjugata
images/TEaSABLY.png,teasably
images/chARgEaBly.png,chargeably
images/VoCAtiVE.png,vocative
images/PEAcElEsS.png,peaceless
images/UNInSuLTAblE.png,uninsultable
images/EquIpaRATe.png,equiparate
images/SplEnEtiVe.png,splenetive
images/Misfire.png,misfire
images/TeTaNY.png,tetany
images/agAG.png,agag
images/fONdnesS.png,fondness
images/mIsEnjoy.png,misenjoy
images/Kiln.png,kiln
images/SalieNTlY.png,saliently
images/LoBElINE.png,lobeline
images/wRiTErLiNG.png,writerling
images/impuDENtnEsS.png,impudentness
images/NEOBECKiA.png,neobeckia
images/mOrpHOGrAphic.png,morphographic
images/VErGERshiP.png,vergership
images/INvOkEr.png,invoker
images/ANthEMENE.png,anthemene
images/PennYwEIghT.png,pennyweight
images/nEophytiC.png,neophytic
images/dIscoMFORT.png,discomfort
images/uNqUITted.png,unquitted
images/GrinTeRn.png,grintern
images/SarMENTACEOUS.png,sarmentaceous
images/BOydOm.png,boydom
images/toxOPhilE.png,toxophile
images/tERtEnANt.png,tertenant
images/InkBerry.png,inkberry
images/EuLoGiuM.png,eulogium
images/hEmatoMEtER.png,hematometer
images/CAndleMakInG.png,candlemaking
images/CapIllOSe.png,capillose
images/ZImmis.png,zimmis
images/SEMiPROtEcTOraTe.png,semiprotectorate
images/misCaNONIZe.png,miscanonize
images/KOrnSKEppA.png,kornskeppa
images/PoSTORGaSTic.png,postorgastic
images/unGeNerAlizeD.png,ungeneralized
images/SUBpULVeRiZeR.png,subpulverizer
images/ConTradIstInCtIve.png,contradistinctive
images/unAMERced.png,unamerced
images/dowerY.png,dowery
images/maSTeRless.png,masterless
images/eNvIrONIC.png,environic
images/iRReConciLiatiON.png,irreconciliation
images/SITTEr.png,sitter
images/uNolD.png,unold
images/rouPIt.png,roupit
images/alGArOth.png,algaroth
images/RUddeRpOSt.png,rudderpost
images/savanNA.png,savanna
images/anoLYmPIAd.png,anolympiad
images/dETeRSIvEly.png,detersively
images/MelolOnThIDes.png,melolonthides
images/DisJEct.png,disject
images/cUTIClE.png,cuticle
images/PUBlICIsM.png,publicism
images/iSOCOLa.png,isocola
images/BlastOMycete.png,blastomycete
images/unDertRuSS.png,undertruss
images/UnWiTNEsSed.png,unwitnessed
images/vErrucUlosE.png,verruculose
images/arRy.png,arry
images/gEniALIzE.png,genialize
images/SPraYprOOf.png,sprayproof
images/SLIDABlY.png,slidably
images/aGlaonEMa.png,aglaonema
images/deCArboNizEr.png,decarbonizer
images/LuNAtIze.png,lunatize
images/hOMuncle.png,homuncle
images/gazehOUNd.png,gazehound
images/PrActicAlnEss.png,practicalness
images/LOngIMeTrIC.png,longimetric
images/hYdRoSpiRE.png,hydrospire
images/scHwEizERKasE.png,schweizerkase
images/hyPOMyoToNiA.png,hypomyotonia
images/DIpsetIc.png,dipsetic
images/achATInElLA.png,achatinella
images/cIrcuMSCRibeR.png,circumscriber
images/apPeareR.png,appearer
images/AsCAROn.png,ascaron
images/nosOpOeTiC.png,nosopoetic
images/VARdY.png,vardy
images/UnTaInTabLE.png,untaintable
images/COtENurE.png,cotenure
images/MalInStiTUTIon.png,malinstitution
images/eNOdAlly.png,enodally
images/heLioPhyte.png,heliophyte
images/bepLAGUe.png,beplague
images/lOPHIoMYIdAe.png,lophiomyidae
images/HEmIPEnis.png,hemipenis
images/pREAdEQuaTe.png,preadequate
images/SuLfUReoUSly.png,sulfureously
images/mAUVEiNE.png,mauveine
images/bLepHAREMpHYsEMa.png,blepharemphysema
images/BLUfFLY.png,bluffly
images/TeLEwRITeR.png,telewriter
images/OpoPanaX.png,opopanax
images/tasSET.png,tasset
images/AgGRadatiOnal.png,aggradational
images/UNTailEd.png,untailed
images/ABLAtIVAl.png,ablatival
images/UnCIrCuMCISEd.png,uncircumcised
images/PYoMETRItis.png,pyometritis
images/DIsOrdER.png,disorder
images/sotIE.png,sotie
images/ViolATER.png,violater
images/oHIA.png,ohia
images/MetROsteNOSIs.png,metrostenosis
images/foRMlEsSLy.png,formlessly
images/SErIcuLtUre.png,sericulture
images/PreInsTRUcTion.png,preinstruction
images/AfTERfORm.png,afterform
images/RenVOY.png,renvoy
images/GhELeeM.png,gheleem
images/HeteromeTAboLE.png,heterometabole
images/aTrIal.png,atrial
images/GRABBer.png,grabber
images/oxboY.png,oxboy
images/gUtTINEss.png,guttiness
images/LaCoNIsM.png,laconism
images/pREteNsionlESS.png,pretensionless
images/PhARISaic.png,pharisaic
images/CounTERClAimanT.png,counterclaimant
images/ANTHrAQUINONe.png,anthraquinone
images/zAntHOXyLum.png,zanthoxylum
images/AnTIPrImE.png,antiprime
images/prEDISPosEdnESs.png,predisposedness
images/CaSCaDO.png,cascado
images/MICrOBIota.png,microbiota
images/PAleoCYcLic.png,paleocyclic
images/FuLGoROIdea.png,fulgoroidea
images/mastICaTORy.png,masticatory
images/nUtramIN.png,nutramin
